Model,Loss,Accuracy,Precision,Recall
ResNet50V2,0.2787434160709381,0.8926281929016113,0.9549295902252197,0.8692307472229004
DenseNet121,0.39145544171333313,0.8445512652397156,0.9592476487159729,0.7846153974533081
VGG16,0.38064348697662354,0.8125,0.9123867154121399,0.7743589878082275
LeNet,0.43925872445106506,0.8092948794364929,0.938511312007904,0.7435897588729858
EfficientNetB5,0.693554699420929,0.5288461446762085,0.585106372833252,0.8461538553237915
AlexNet,0.7195103764533997,0.375,0.0,0.0
CNN,,0.7355769276618958,0.7737226486206055,0.8153846263885498
